{
  "max_stages": 9223372036854775807,
  "nodes_uptime": {
    "a": 81.145949,
    "b": 95.105729,
    "c": 76.96171,
    "d": 84.770873,
    "e": 96.341584,
    "f": 95.694787,
    "g": 98.338745,
    "h": 99.247844,
    "i": 83.949128,
    "j": 63.475209,
    "k": 66.118139,
    "l": 68.829427,
    "m": 98.556912,
    "n": 79.969535,
    "o": 95.801347,
    "p": 68.470925,
    "q": 98.949749,
    "r": 74.008683,
    "s": 45.992239,
    "t": 95.984991
  },
  "shared": {
    "powerglove.exe": {
      "state_labels": [
        "c",
        "b",
        "d",
        "f",
        "n",
        "h"
      ],
      "adj_matrix": [
        [
          1,
          0,
          1,
          1,
          0,
          1
        ],
        [
          0,
          1,
          0,
          1,
          1,
          0
        ],
        [
          1,
          0,
          0,
          1,
          0,
          1
        ],
        [
          1,
          1,
          1,
          0,
          1,
          1
        ],
        [
          0,
          1,
          0,
          1,
          1,
          0
        ],
        [
          1,
          0,
          1,
          1,
          0,
          0
        ]
      ],
      "ddv": [
        0.7224029493463832,
        0.16840448994096988,
        0.008220249208454562,
        0.017754417363241407,
        0.05301674284000773,
        0.030201151300943273
      ]
    }
  }
}