{"max_stages": 200, "nodes_uptime": {"a": 48.003682, "b": 85.873982, "c": 85.612177, "d": 94.224637, "e": 57.946336}, "shared": {"powerglove.exe": {"state_labels": ["a", "d", "c"], "adj_matrix": [[1, 1, 0], [1, 0, 1], [0, 1, 1]], "ddv": [0.163093, 0.229126, 0.607781]}}}