{
    "peers_uptime": {
        "a": 0.4639849012172244,
        "b": 0.8108251766435667,
        "c": 0.99,
        "d": 0.4734560258980287,
        "e": 0.99,
        "f": 0.9436263485704421,
        "g": 0.99,
        "h": 0.5453481469712218,
        "i": 0.99,
        "j": 0.8794603917097623,
        "k": 0.8119171326312482,
        "l": 0.9349499808583214,
        "m": 0.8599586257108649,
        "n": 0.99,
        "o": 0.42619921889446877,
        "p": 0.99,
        "q": 0.6041388798308799,
        "r": 0.972891946673287,
        "s": 0.99,
        "t": 0.8190918564048437,
        "u": 0.99,
        "v": 0.9688178217701356,
        "w": 0.7418836548613875,
        "x": 0.31318784164295055,
        "y": 0.5343336642678947,
        "z": 0.6204823959747743,
        "aa": 0.6119998020061219,
        "ab": 0.05561917024262769,
        "ac": 0.6750405737076064,
        "ad": 0.7048060916562292,
        "ae": 0.99,
        "af": 0.23444184938761695,
        "ag": 0.7740820233782856,
        "ah": 0.99,
        "ai": 0.3122787008927949,
        "aj": 0.7925705866854119,
        "ak": 0.914944562295016,
        "al": 0.99,
        "am": 0.5223525406370679,
        "an": 0.99,
        "ao": 0.5029854525004724,
        "ap": 0.99,
        "aq": 0.8103936217226462,
        "ar": 0.6685030911018793,
        "as": 0.99,
        "at": 0.99,
        "au": 0.5976730841694097,
        "av": 0.99,
        "aw": 0.7961036335763753,
        "ax": 0.99,
        "ay": 0.6547553193894001,
        "az": 0.8538398399902921,
        "ba": 0.9915354497235921,
        "bb": 0.6978806066812256,
        "bc": 0.5705524858689306,
        "bd": 0.99,
        "be": 0.8125948298762046,
        "bf": 0.8060941730268227,
        "bg": 0.99,
        "bh": 0.831691043146173,
        "bi": 0.9979665292198452,
        "bj": 0.99,
        "bk": 0.9620049822660866,
        "bl": 0.99,
        "bm": 0.5798035084073034,
        "bn": 0.99,
        "bo": 0.7170523054465751,
        "bp": 0.8219277462755751,
        "bq": 0.99,
        "br": 0.7236160387751462,
        "bs": 0.7779791619282044,
        "bt": 0.8257511427484758,
        "bu": 0.99,
        "bv": 0.99,
        "bw": 0.7835940347047008,
        "bx": 0.99,
        "by": 0.7635328017782167,
        "bz": 0.6808998610923115,
        "ca": 0.830695286157611,
        "cb": 0.7885129981846467,
        "cc": 0.5633924211200937,
        "cd": 0.8750623441847983,
        "ce": 0.7426967475084711,
        "cf": 0.9563969518853306,
        "cg": 0.99,
        "ch": 0.8989582427440079,
        "ci": 0.6421235355030874,
        "cj": 0.7544280796327049,
        "ck": 0.99,
        "cl": 0.8567250031706511,
        "cm": 0.99,
        "cn": 0.99,
        "co": 0.4738897297531928,
        "cp": 0.99,
        "cq": 0.9079476090757668,
        "cr": 0.99,
        "cs": 0.9974786626092583,
        "ct": 0.4582571789882523,
        "cu": 0.5717902462252169,
        "cv": 0.99,
        "cw": 0.99,
        "cx": 0.99,
        "cy": 0.9590522841735805,
        "cz": 0.99,
        "da": 0.7497921898030245,
        "db": 0.7656032857565935,
        "dc": 0.37218083930515744,
        "dd": 0.9962554491427881,
        "de": 0.9069233983681833,
        "df": 0.5840577440284445,
        "dg": 0.5443150139269816,
        "dh": 0.99,
        "di": 0.9989040619926187,
        "dj": 0.7070977636978603,
        "dk": 0.7842747967134232,
        "dl": 0.99,
        "dm": 0.5117173167815119,
        "dn": 0.7308644208675065,
        "do": 0.99,
        "dp": 0.99,
        "dq": 0.6853552655883653,
        "dr": 0.17700262957205623,
        "ds": 0.99,
        "dt": 0.35774894376598154,
        "du": 0.5480355063857082,
        "dv": 0.5199071584719975,
        "dw": 0.8797441229169567,
        "dx": 0.99
    },
    "shared": {
        "FBZ_0134.NEF": {
            "members": [
                "df",
                "bv",
                "af",
                "ak",
                "ax",
                "w",
                "cs",
                "j",
                "at",
                "dq",
                "dt",
                "ck",
                "bl",
                "t",
                "ch",
                "ae"
            ],
            "spread": "u"
        }
    }
}