{
    "peers_uptime": {
        "a": 0.2752446122608669,
        "b": 0.99,
        "c": 0.2722443257163095,
        "d": 0.6025270144861492,
        "e": 0.1159171283278544,
        "f": 0.5335047143772386,
        "g": 0.12629525503749428,
        "h": 0.4590713063071771,
        "i": 0.2739418842971184,
        "j": 0.8310832663068072,
        "k": 0.99,
        "l": 0.8921497107505878,
        "m": 0.99,
        "n": 0.99,
        "o": 0.24367857990489356,
        "p": 0.06884506555983122,
        "q": 0.663872336036711,
        "r": 0.3345403035387628,
        "s": 0.5679459727138307,
        "t": 0.10154918744928608,
        "u": 0.9331862030346781,
        "v": 0.99,
        "w": 0.04,
        "x": 0.8674534936694562,
        "y": 0.28564122616578386,
        "z": 0.2531400685083494,
        "aa": 0.724931015886774,
        "ab": 0.34928523683019125,
        "ac": 0.17268961643070413,
        "ad": 0.99,
        "ae": 0.6922289953957599,
        "af": 0.99,
        "ag": 0.14967661840575971,
        "ah": 0.9854856697894414,
        "ai": 0.8539759693370909,
        "aj": 0.04,
        "ak": 0.5725641756422631,
        "al": 0.8891536187276989,
        "am": 0.7618827481036642,
        "an": 0.3820848201846781,
        "ao": 0.91494389462107,
        "ap": 0.99,
        "aq": 0.37815662980524245,
        "ar": 0.10443217255412726,
        "as": 0.39478053905070326,
        "at": 0.99,
        "au": 0.7611580091593269,
        "av": 0.35904717614867254,
        "aw": 0.7034154223040684,
        "ax": 0.5844396464754694,
        "ay": 0.6764248223826279,
        "az": 0.9903438480669728,
        "ba": 0.9437292729061855,
        "bb": 0.5101088867076009,
        "bc": 0.6207362672029049,
        "bd": 0.04024187045643302,
        "be": 0.6132933482056349,
        "bf": 0.5972871432114504,
        "bg": 0.09181782922884957,
        "bh": 0.99,
        "bi": 0.17967611950837054,
        "bj": 0.33017971918581224,
        "bk": 0.6078207632139069,
        "bl": 0.9035116401000107,
        "bm": 0.99,
        "bn": 0.15290051288756545,
        "bo": 0.34444629114387837,
        "bp": 0.99,
        "bq": 0.9477247405409088,
        "br": 0.18047443322872767,
        "bs": 0.4124496291372894,
        "bt": 0.5032604137401666,
        "bu": 0.13857540184356432,
        "bv": 0.37835276696104025,
        "bw": 0.8785741149943022,
        "bx": 0.5924816098625678,
        "by": 0.793058831461079,
        "bz": 0.6043612734303978,
        "ca": 0.5379386187178734,
        "cb": 0.99,
        "cc": 0.05383448490347668,
        "cd": 0.43293011950776433,
        "ce": 0.7836250778407087,
        "cf": 0.3742519522962522,
        "cg": 0.5772265547940717,
        "ch": 0.99,
        "ci": 0.6564469728323777,
        "cj": 0.4353440587963018,
        "ck": 0.7031399279034393,
        "cl": 0.99,
        "cm": 0.5105571622082614,
        "cn": 0.4580168728869735,
        "co": 0.2263084183769456,
        "cp": 0.48652398705532507,
        "cq": 0.99,
        "cr": 0.41569209639059346,
        "cs": 0.8234142423632346,
        "ct": 0.99,
        "cu": 0.99,
        "cv": 0.7838588320869949,
        "cw": 0.11694818295794207,
        "cx": 0.5235326537202125,
        "cy": 0.9658346689984598,
        "cz": 0.36804328110849155,
        "da": 0.2301969167296631,
        "db": 0.674889685222438,
        "dc": 0.2904062202373036,
        "dd": 0.2830006892782302,
        "de": 0.4954176634856699,
        "df": 0.5751149003499177,
        "dg": 0.99,
        "dh": 0.5518503603813545,
        "di": 0.32848535771838805,
        "dj": 0.8772641292457246,
        "dk": 0.39985836287478316,
        "dl": 0.6095302273185912,
        "dm": 0.04,
        "dn": 0.05467351983097849,
        "do": 0.8085103341518766,
        "dp": 0.99,
        "dq": 0.4864908329094429,
        "dr": 0.8808416218081515,
        "ds": 0.4328930951716339,
        "dt": 0.6358612580609324,
        "du": 0.6064627748533787,
        "dv": 0.6814037225180327,
        "dw": 0.6163672580877394,
        "dx": 0.99
    },
    "persisting": {
        "FBZ_0134.NEF": {
            "cluster_size": 8,
            "spread": "i"
        }
    }
}