{
    "peers_uptime": {
        "a": 0.3601926492685751,
        "b": 0.39199873063208407,
        "c": 0.5969763142707686,
        "d": 0.6803628017353975,
        "e": 0.20287398566360473,
        "f": 0.6985299232407829,
        "g": 0.846030154219831,
        "h": 0.04,
        "i": 0.10127617395705694,
        "j": 0.99,
        "k": 0.40521488061178174,
        "l": 0.14796027153141672,
        "m": 0.1202730669528232,
        "n": 0.6419337769679828,
        "o": 0.5842439470675564,
        "p": 0.2459304994348922,
        "q": 0.3079754217500511,
        "r": 0.49769107881357544,
        "s": 0.3461812617428802,
        "t": 0.34126958582057926,
        "u": 0.11578602176428604,
        "v": 0.4272197315154638,
        "w": 0.49775544521064674,
        "x": 0.04,
        "y": 0.2510861225674972,
        "z": 0.2941835580870597,
        "aa": 0.4423234717525101,
        "ab": 0.1162759105831811,
        "ac": 0.0428562914847808,
        "ad": 0.100731878131532,
        "ae": 0.7816739011894104,
        "af": 0.4376989278123146,
        "ag": 0.3003866724889994,
        "ah": 0.8247313357615726,
        "ai": 0.33871567987815276,
        "aj": 0.3336118384625009,
        "ak": 0.4417823787484442,
        "al": 0.2159903035727867,
        "am": 0.10044754154990372,
        "an": 0.47467328333822095,
        "ao": 0.14151345883221322,
        "ap": 0.8378284932318829,
        "aq": 0.24519552464287003,
        "ar": 0.30168417090630884,
        "as": 0.21392610066318937,
        "at": 0.6506358124516768,
        "au": 0.8091755809718846,
        "av": 0.20459649550051112,
        "aw": 0.5445609649655809,
        "ax": 0.33971108596672317,
        "ay": 0.2874784742409794,
        "az": 0.36243366416721384,
        "ba": 0.5761440483993615,
        "bb": 0.16912267518341675,
        "bc": 0.3314876118030574,
        "bd": 0.5399349776190665,
        "be": 0.372712160965538,
        "bf": 0.46051706332425923,
        "bg": 0.4092641347021566,
        "bh": 0.23133249536962652,
        "bi": 0.1222635940025033,
        "bj": 0.5840429432548223,
        "bk": 0.4478975922237886,
        "bl": 0.39511052326871904,
        "bm": 0.6065758611021975,
        "bn": 0.0409160980871722,
        "bo": 0.060631594524505346,
        "bp": 0.7952022742189989,
        "bq": 0.6460615067072224,
        "br": 0.06907631066060362,
        "bs": 0.07072775798564568,
        "bt": 0.07520147732488809,
        "bu": 0.04,
        "bv": 0.28338054503929017,
        "bw": 0.2441572722335806,
        "bx": 0.3516922749898872,
        "by": 0.5009768626985727,
        "bz": 0.5317659364646348,
        "ca": 0.5834286817477597,
        "cb": 0.46479557892701395,
        "cc": 0.28073075002206954,
        "cd": 0.46187564116944146,
        "ce": 0.7733080576985989,
        "cf": 0.506823127416115,
        "cg": 0.14405614572661235,
        "ch": 0.04,
        "ci": 0.551235278063317,
        "cj": 0.6850885690959159,
        "ck": 0.6257481055862215,
        "cl": 0.05571294748129944,
        "cm": 0.1333577242205582,
        "cn": 0.806012173651129,
        "co": 0.33414923671023433,
        "cp": 0.28631781918853677,
        "cq": 0.47573614314716706,
        "cr": 0.29464930743622986,
        "cs": 0.4292863163629477,
        "ct": 0.11553241618027499,
        "cu": 0.04,
        "cv": 0.32463106073155557,
        "cw": 0.6545482458871024,
        "cx": 0.04,
        "cy": 0.4760676956933003,
        "cz": 0.04,
        "da": 0.4211575114003214,
        "db": 0.99,
        "dc": 0.3245552917902681,
        "dd": 0.8707636351282045,
        "de": 0.4138231298985571,
        "df": 0.3961620404494346,
        "dg": 0.3592825063479157,
        "dh": 0.7379092202047417,
        "di": 0.17214002325804212,
        "dj": 0.1651542062824172,
        "dk": 0.969227346918349,
        "dl": 0.07878570741614795,
        "dm": 0.4031640063154811,
        "dn": 0.10622854745227485,
        "do": 0.7308361601329519,
        "dp": 0.21661839319151333,
        "dq": 0.04178946971602855,
        "dr": 0.04,
        "ds": 0.09138111011479573,
        "dt": 0.3035880196546844,
        "du": 0.62346259139228,
        "dv": 0.1430242899462417,
        "dw": 0.2867137430529383,
        "dx": 0.4004919673905733
    },
    "shared": {
        "FBZ_0134.NEF": {
            "hive_size": 8,
            "spread": "a"
        }
    }
}