{
    "nodes_uptime": {
        "a": 0.99,
        "b": 0.8284345715196062,
        "c": 0.6558316713101875,
        "d": 0.21125565249411424,
        "e": 0.43337384394398115,
        "f": 0.41821895560399225,
        "g": 0.99,
        "h": 0.570855832926936,
        "i": 0.8079527000926384,
        "j": 0.5390347660063974,
        "k": 0.8325489763216342,
        "l": 0.99,
        "m": 0.625535212895094,
        "n": 0.9640510891616504,
        "o": 0.09348051065996885,
        "p": 0.6921751458058673,
        "q": 0.7159406161488272,
        "r": 0.6723884847507325,
        "s": 0.5819453911270656,
        "t": 0.7713179798154869,
        "u": 0.99,
        "v": 0.7565444793285746,
        "w": 0.99,
        "x": 0.47351127769996987,
        "y": 0.99,
        "z": 0.965773347967576,
        "aa": 0.99,
        "ab": 0.6643734867635436,
        "ac": 0.6124307032829237,
        "ad": 0.8808684982710396,
        "ae": 0.22261327147568927,
        "af": 0.6014474907680109,
        "ag": 0.579442489395112,
        "ah": 0.99,
        "ai": 0.45404069017262494,
        "aj": 0.9239808163473279,
        "ak": 0.874680367837129,
        "al": 0.5247196610798426,
        "am": 0.05571264734150631,
        "an": 0.7041787136458914,
        "ao": 0.23179367422438518,
        "ap": 0.19572492269732805,
        "aq": 0.99,
        "ar": 0.99,
        "as": 0.99,
        "at": 0.5698998057055829,
        "au": 0.6523038074560797,
        "av": 0.5448148203830677,
        "aw": 0.631625314885946,
        "ax": 0.5953361284854207,
        "ay": 0.3615083910908457,
        "az": 0.5025375380023803,
        "ba": 0.7858257024929284,
        "bb": 0.99,
        "bc": 0.8194726518334828,
        "bd": 0.917527322326982,
        "be": 0.7184805932817149,
        "bf": 0.6074727787993998,
        "bg": 0.3586159032024284,
        "bh": 0.6749109571162816,
        "bi": 0.99,
        "bj": 0.99,
        "bk": 0.5449898582374304,
        "bl": 0.8456133780409241,
        "bm": 0.1942105196200744,
        "bn": 0.7610620216111479,
        "bo": 0.7992535494388364,
        "bp": 0.8838854740256505,
        "bq": 0.99,
        "br": 0.7846519065675515,
        "bs": 0.99,
        "bt": 0.99,
        "bu": 0.7574567247574333,
        "bv": 0.7531319965400971,
        "bw": 0.941071082837943,
        "bx": 0.99,
        "by": 0.99,
        "bz": 0.8370568017749214,
        "ca": 0.7380032476194756,
        "cb": 0.898837881416835,
        "cc": 0.3286667053183014,
        "cd": 0.7272202134558031,
        "ce": 0.99,
        "cf": 0.784330965892404,
        "cg": 0.563254470827699,
        "ch": 0.5639535282994997,
        "ci": 0.99,
        "cj": 0.9132306942947396,
        "ck": 0.99,
        "cl": 0.7909266118985779,
        "cm": 0.99,
        "cn": 0.43017985215808713,
        "co": 0.7951932048887173,
        "cp": 0.99,
        "cq": 0.3226084379185396,
        "cr": 0.8679014450226092,
        "cs": 0.8739593789643538,
        "ct": 0.4314608698368081,
        "cu": 0.04,
        "cv": 0.1777909920693537,
        "cw": 0.7597688128648934,
        "cx": 0.99,
        "cy": 0.7989891348180777,
        "cz": 0.04,
        "da": 0.7153641393755521,
        "db": 0.99,
        "dc": 0.99,
        "dd": 0.9276696161903082,
        "de": 0.99,
        "df": 0.36240088604907167,
        "dg": 0.7622870263564294,
        "dh": 0.4045487708553162,
        "di": 0.632515169101745,
        "dj": 0.7374150630454201,
        "dk": 0.599781344375663,
        "dl": 0.6367818805387685,
        "dm": 0.99,
        "dn": 0.7401541071787043,
        "do": 0.3775574316598744,
        "dp": 0.9567821449572831,
        "dq": 0.785868096254765,
        "dr": 0.9244695790741629,
        "ds": 0.787119436962524,
        "dt": 0.99,
        "du": 0.7402425323547268,
        "dv": 0.9283889143493019,
        "dw": 0.39526870766249167,
        "dx": 0.99
    },
    "persisting": {
        "FBZ_0134.NEF": {
            "cluster_size": 8,
            "spread": "i"
        }
    }
}