{
    "peers_uptime": {
        "a": 0.20932966341778642,
        "b": 0.5709990530346333,
        "c": 0.46120157670967266,
        "d": 0.49631387341512345,
        "e": 0.8677741101329647,
        "f": 0.19582788205019924,
        "g": 0.35952215308222923,
        "h": 0.11521594163740581,
        "i": 0.05099919499077295,
        "j": 0.6576947712584329,
        "k": 0.42624490889459393,
        "l": 0.09706729596967272,
        "m": 0.12203551587724264,
        "n": 0.7810568402515518,
        "o": 0.7011615886702617,
        "p": 0.402424168162233,
        "q": 0.31719856937697594,
        "r": 0.32360516858996063,
        "s": 0.20633269696052067,
        "t": 0.5538199626547194,
        "u": 0.6158974846162287,
        "v": 0.1348728813305903,
        "w": 0.6037140754406934,
        "x": 0.08656718297372819,
        "y": 0.44767166162040456,
        "z": 0.7153861417516881,
        "aa": 0.37404868494384025,
        "ab": 0.06981371915663999,
        "ac": 0.2663274512536954,
        "ad": 1.0,
        "ae": 0.3327133711212912,
        "af": 0.8737993928593873,
        "ag": 0.08699763458056736,
        "ah": 0.04,
        "ai": 0.8953747042638598,
        "aj": 0.5108064511721004,
        "ak": 0.06213111053381866,
        "al": 0.4806032259649946,
        "am": 0.37484697287775726,
        "an": 0.37056994768193247,
        "ao": 0.9387603844676309,
        "ap": 0.04,
        "aq": 0.5073534283234343,
        "ar": 0.1832368474486325,
        "as": 0.22922689968069637,
        "at": 0.3959603500075128,
        "au": 0.2738889558145802,
        "av": 0.4523007027310384,
        "aw": 0.5231071919989698,
        "ax": 0.7201592729214474,
        "ay": 0.11109971787723151,
        "az": 0.13681410154886633,
        "ba": 0.3531599918553492,
        "bb": 0.5123862650269246,
        "bc": 0.7731098541666387,
        "bd": 0.15916835387892095,
        "be": 0.19085036825174662,
        "bf": 0.2218727990727089,
        "bg": 0.27969591963493207,
        "bh": 0.5941575635765871,
        "bi": 0.04,
        "bj": 0.3948166153749713,
        "bk": 0.05181506229759421,
        "bl": 0.17504337580234108,
        "bm": 0.4992253145260693,
        "bn": 0.3110234194747992,
        "bo": 0.5796007114086933,
        "bp": 0.3044720284328875,
        "bq": 0.04274499518105486,
        "br": 0.04,
        "bs": 0.27939189222052613,
        "bt": 0.38247265026691146,
        "bu": 1.0,
        "bv": 0.144078149637862,
        "bw": 0.199490804567141,
        "bx": 0.7091048171372243,
        "by": 0.4673689063718199,
        "bz": 0.6530375655474132,
        "ca": 0.5830062109572978,
        "cb": 0.5970421422536222,
        "cc": 0.14528891853216186,
        "cd": 0.1370713972755307,
        "ce": 0.30619358956571835,
        "cf": 1.0,
        "cg": 0.15727596072217964,
        "ch": 0.6875155778173155,
        "ci": 0.1205186146747836,
        "cj": 0.7579850266809399,
        "ck": 0.129795092069793,
        "cl": 0.6492443071417142,
        "cm": 0.42805671771423254,
        "cn": 0.2797327198870776,
        "co": 0.4898165930233698,
        "cp": 0.04,
        "cq": 0.5452018225499021,
        "cr": 0.35889692691597064,
        "cs": 1.0,
        "ct": 0.09422489888725487,
        "cu": 0.37035121317134584,
        "cv": 0.3005212822980656,
        "cw": 0.6598217803626999,
        "cx": 0.44845012129339956,
        "cy": 0.6950814194694559,
        "cz": 0.6747555685429861,
        "da": 0.05434524262516014,
        "db": 0.24100622202310057,
        "dc": 0.4436856516848164,
        "dd": 0.12177647172074443,
        "de": 0.16292456810775172,
        "df": 0.7683524185893117,
        "dg": 0.3089109338960926,
        "dh": 0.7220153678414855,
        "di": 0.6573761065370385,
        "dj": 0.09197701224563204,
        "dk": 0.5306874545095597,
        "dl": 0.5707478630174093,
        "dm": 0.05478452024946776,
        "dn": 0.06347510757271899,
        "do": 0.5949914711876799,
        "dp": 0.550196243338496,
        "dq": 0.8325593739706174,
        "dr": 0.20896326716270316,
        "ds": 0.04,
        "dt": 0.047477967497742954,
        "du": 0.12776375357171438,
        "dv": 0.10925354291275642,
        "dw": 0.4985521607037988,
        "dx": 0.08855141545388343
    },
    "shared": {
        "FBZ_0134.NEF": {
            "members": [
                "dd",
                "cw",
                "x",
                "m",
                "cm",
                "t",
                "df",
                "av",
                "cx",
                "de",
                "am",
                "do",
                "as",
                "ag",
                "cp",
                "aa"
            ],
            "spread": "a"
        }
    }
}