{
    "nodes_uptime": {
        "a": 0.244046,
        "b": 0.142826,
        "c": 0.200891,
        "d": 0.169076,
        "e": 0.14342,
        "f": 0.217251,
        "g": 0.207097,
        "h": 0.0827,
        "i": 0.185558,
        "j": 0.183628,
        "k": 0.220036,
        "l": 0.212138,
        "m": 0.149418,
        "n": 0.228313,
        "o": 0.19283,
        "p": 0.156987,
        "q": 0.209022,
        "r": 0.173045,
        "s": 0.13587,
        "t": 0.07882,
        "u": 0.099327,
        "v": 0.150864,
        "w": 0.090709,
        "x": 0.170432,
        "y": 0.255953,
        "z": 0.090528,
        "aa": 0.111623,
        "ab": 0.168593,
        "ac": 0.137015,
        "ad": 0.073739,
        "ae": 0.23329,
        "af": 0.183396,
        "ag": 0.182618,
        "ah": 0.148304,
        "ai": 0.15107,
        "aj": 0.179185,
        "ak": 0.045809,
        "al": 0.179694,
        "am": 0.197303,
        "an": 0.107484,
        "ao": 0.189871,
        "ap": 0.188483,
        "aq": 0.148365,
        "ar": 0.156518,
        "as": 0.189625,
        "at": 0.165148,
        "au": 0.170578,
        "av": 0.236036,
        "aw": 0.188706,
        "ax": 0.160969,
        "ay": 0.235483,
        "az": 0.121192,
        "ba": 0.209482,
        "bb": 0.160508,
        "bc": 0.168251,
        "bd": 0.190851,
        "be": 0.134619,
        "bf": 0.119244,
        "bg": 0.132689,
        "bh": 0.159031,
        "bi": 0.120004,
        "bj": 0.14279,
        "bk": 0.141402,
        "bl": 0.175444,
        "bm": 0.15503,
        "bn": 0.157417,
        "bo": 0.218989,
        "bp": 0.192702,
        "bq": 0.134907,
        "br": 0.203477,
        "bs": 0.146054,
        "bt": 0.091955,
        "bu": 0.160735,
        "bv": 0.129233,
        "bw": 0.118334,
        "bx": 0.193147,
        "by": 0.127618,
        "bz": 0.163945,
        "ca": 0.183058,
        "cb": 0.201768,
        "cc": 0.15524,
        "cd": 0.137352,
        "ce": 0.10568,
        "cf": 0.215564,
        "cg": 0.190781,
        "ch": 0.175689,
        "ci": 0.164568,
        "cj": 0.246844,
        "ck": 0.207475,
        "cl": 0.162147,
        "cm": 0.152568,
        "cn": 0.127876,
        "co": 0.134721,
        "cp": 0.19547,
        "cq": 0.130016,
        "cr": 0.18981,
        "cs": 0.072065,
        "ct": 0.129912,
        "cu": 0.158115,
        "cv": 0.084368
    },
    "persisting": {
        "FBZ_0134.NEF": {
            "spread": "o",
            "cluster_size": 100
        }
    }
}