{"max_stages": 1250, "nodes_uptime": {"a": 100.0, "b": 100.0, "c": 80.0, "d": 85.089508, "e": 81.026917, "f": 80.0, "g": 80.0, "h": 92.050075, "i": 93.694789, "j": 92.110702, "k": 95.850174, "l": 80.0, "m": 80.0, "n": 100.0, "o": 80.0, "p": 100.0, "q": 80.0, "r": 100.0, "s": 85.41583, "t": 88.889945}, "shared": {"FBZ_0134.NEF": {"state_labels": ["a", "r", "p", "n"], "adj_matrix": [[1.0, 1.0, 0.0, 0.0], [1.0, 1.0, 1.0, 1.0], [0.0, 1.0, 1.0, 1.0], [0.0, 1.0, 1.0, 1.0]], "ddv": [0.2, 0.3, 0.5, 0.0]}}}