{
  "max_stages": 9223372036854775807,
  "nodes_uptime": {
    "a": 41.271271,
    "b": 88.681296,
    "c": 65.542769,
    "d": 68.01208,
    "e": 97.056105,
    "f": 96.24439,
    "g": 72.386759,
    "h": 96.009228,
    "i": 90.660212,
    "j": 93.801901
  },
  "shared": {
    "powerglove.exe": {
      "state_labels": [
        "g",
        "a",
        "j",
        "i"
      ],
      "adj_matrix": [
        [
          0,
          1,
          0,
          0
        ],
        [
          1,
          0,
          1,
          0
        ],
        [
          0,
          1,
          0,
          1
        ],
        [
          0,
          0,
          1,
          0
        ]
      ],
      "ddv": [
        0.6380468272682408,
        0.08402258525101859,
        0.008348908425768286,
        0.2695816790549723
      ]
    }
  }
}