{"max_stages": 9223372036854775807, "nodes_uptime": {"a": 90.364444, "b": 80.0, "c": 84.793894, "d": 80.0, "e": 86.73623, "f": 86.360863, "g": 94.494261, "h": 93.980112, "i": 80.0, "j": 92.862361}, "shared": {"powerglove.exe": {"state_labels": ["c", "j", "a", "f", "g"], "adj_matrix": [[